candidate,comment
Arun Sharma,"Arun is a strong leader with an inspiring vision."
Arun Sharma,"I feel Arun Sharma understands economic issues well."
Arun Sharma,"People in our area trust Arun more."
Arun Sharma,"Arun seems honest and dependable."
Arun Sharma,"Arun should win this election, he brings stability."
Priya Reddy,"Priya speaks well but not sure about execution."
Priya Reddy,"I like Priyaâ€™s ideas for youth empowerment."
Priya Reddy,"Priya Reddy has gained attention in Telangana."
Priya Reddy,"She is a promising candidate."
Priya Reddy,"Priya might actually surprise everyone."
Vikram Patel,"Vikram Patel is energetic and fresh."
Vikram Patel,"He is not well-known but improves every debate."
Vikram Patel,"I think Vikram will grow more in future elections."
Vikram Patel,"People from Gujarat support him a lot."
Vikram Patel,"Vikram brings innovation and new thinking."
Arun Sharma,"Arun has a clear plan for development."
Arun Sharma,"His experience in politics is unmatched."
Arun Sharma,"Arun Sharma is the best choice for progress."
Arun Sharma,"I support Arun because he listens to the people."
Arun Sharma,"Arun's policies on education are excellent."
Priya Reddy,"Priya Reddy is dynamic and relatable."
Priya Reddy,"She has great ideas for women's rights."
Priya Reddy,"Priya could bring change to our state."
Priya Reddy,"Her speeches are always motivating."
Priya Reddy,"I think Priya Reddy will deliver on promises."
Vikram Patel,"Vikram Patel has fresh energy in politics."
Vikram Patel,"He connects well with younger voters."
Vikram Patel,"Vikram is innovative and forward-thinking."
Vikram Patel,"Support for Vikram is growing fast."
Vikram Patel,"He represents the new generation."
Arun Sharma,"Arun Sharma's leadership is proven."
Arun Sharma,"He has helped many communities."
Arun Sharma,"Arun is trustworthy and reliable."
Arun Sharma,"Voting for Arun means a better future."
Arun Sharma,"His vision for the economy is solid."
Priya Reddy,"Priya Reddy understands rural issues."
Priya Reddy,"She has a strong background in social work."
Priya Reddy,"Priya is gaining popularity nationwide."
Priya Reddy,"Her campaign is inspiring many."
Priya Reddy,"I believe Priya can win this."
Vikram Patel,"Vikram Patel is passionate about change."
Vikram Patel,"He debates with confidence."
Vikram Patel,"Vikram has potential to lead."
Vikram Patel,"People are talking about him positively."
Vikram Patel,"He brings new ideas to the table."
